Workbook

Sheet To-Do List
A1: Hospital Management System (HMS) — 10-Week To-Do List
A2: Set Status for each task as you complete it — Priority and Notes are editable.
A4: Overall Progress: | C4: =COUNTIF(E8:E69,"Done")&" of "&COUNTA(E8:E69)&" tasks done ("&TEXT(COUNTIF(E8:E69,"Done")/COUNTA(E8:E69),"0%")&")" -> 0 of 62 tasks done (0%)
A7: Week | B7: Phase | C7: Task | D7: Priority | E7: Status | F7: Notes
A8: 1 | B8: Planning & Requirement Analysis | C8: Study the problem domain and current hospital workflows | D8: Medium | E8: Not Started
A9: 1 | B9: Planning & Requirement Analysis | C9: Finalise functional requirements from the specification document | D9: High | E9: Not Started
A10: 1 | B10: Planning & Requirement Analysis | C10: Finalise non-functional requirements from the specification document | D10: High | E10: Not Started
A11: 1 | B11: Planning & Requirement Analysis | C11: Define project scope and objectives | D11: High | E11: Not Started
A12: 1 | B12: Planning & Requirement Analysis | C12: Set up project management board (Trello/Notion/GitHub Projects) | D12: Medium | E12: Not Started
A13: 1 | B13: Planning & Requirement Analysis | C13: Create GitHub repository and project structure | D13: Medium | E13: Not Started
A14: 2 | B14: System Design | C14: Design the 4-layer system architecture | D14: High | E14: Not Started
A15: 2 | B15: System Design | C15: Design the database schema / ERD for all modules | D15: High | E15: Not Started
A16: 2 | B16: System Design | C16: Create Figma wireframes for the dashboard | D16: Medium | E16: Not Started
A17: 2 | B17: System Design | C17: Create Figma wireframes for patient, appointment and billing screens | D17: Medium | E17: Not Started
A18: 2 | B18: System Design | C18: Review design with supervisor/mentor and revise | D18: Medium | E18: Not Started
A19: 3 | B19: Environment Setup & User Management | C19: Set up development environment (IDE, server, database) | D19: High | E19: Not Started
... A69: 10 | B69: Deployment & Documentation | C69: Submit final project report | D69: High | E69: Not Started

Sheet Weekly Progress
A1: Weekly Progress Summary
A3: Week | B3: Total Tasks | C3: Done | D3: % Complete
A4: 1 | B4: =COUNTIF('To-Do List'!A8:A69,A4) -> 6 | C4: =COUNTIFS('To-Do List'!A8:A69,A4,'To-Do List'!E8:E69,"Done") -> 0 | D4: =IF(B4=0,0,C4/B4) -> 0
A5: 2 | B5: =COUNTIF('To-Do List'!A8:A69,A5) -> 5 | C5: =COUNTIFS('To-Do List'!A8:A69,A5,'To-Do List'!E8:E69,"Done") -> 0 | D5: =IF(B5=0,0,C5/B5) -> 0
A6: 3 | B6: =COUNTIF('To-Do List'!A8:A69,A6) -> 6 | C6: =COUNTIFS('To-Do List'!A8:A69,A6,'To-Do List'!E8:E69,"Done") -> 0 | D6: =IF(B6=0,0,C6/B6) -> 0
A7: 4 | B7: =COUNTIF('To-Do List'!A8:A69,A7) -> 6 | C7: =COUNTIFS('To-Do List'!A8:A69,A7,'To-Do List'!E8:E69,"Done") -> 0 | D7: =IF(B7=0,0,C7/B7) -> 0
A8: 5 | B8: =COUNTIF('To-Do List'!A8:A69,A8) -> 6 | C8: =COUNTIFS('To-Do List'!A8:A69,A8,'To-Do List'!E8:E69,"Done") -> 0 | D8: =IF(B8=0,0,C8/B8) -> 0
A9: 6 | B9: =COUNTIF('To-Do List'!A8:A69,A9) -> 7 | C9: =COUNTIFS('To-Do List'!A8:A69,A9,'To-Do List'!E8:E69,"Done") -> 0 | D9: =IF(B9=0,0,C9/B9) -> 0
A10: 7 | B10: =COUNTIF('To-Do List'!A8:A69,A10) -> 7 | C10: =COUNTIFS('To-Do List'!A8:A69,A10,'To-Do List'!E8:E69,"Done") -> 0 | D10: =IF(B10=0,0,C10/B10) -> 0
A11: 8 | B11: =COUNTIF('To-Do List'!A8:A69,A11) -> 6 | C11: =COUNTIFS('To-Do List'!A8:A69,A11,'To-Do List'!E8:E69,"Done") -> 0 | D11: =IF(B11=0,0,C11/B11) -> 0
A12: 9 | B12: =COUNTIF('To-Do List'!A8:A69,A12) -> 7 | C12: =COUNTIFS('To-Do List'!A8:A69,A12,'To-Do List'!E8:E69,"Done") -> 0 | D12: =IF(B12=0,0,C12/B12) -> 0
A13: 10 | B13: =COUNTIF('To-Do List'!A8:A69,A13) -> 6 | C13: =COUNTIFS('To-Do List'!A8:A69,A13,'To-Do List'!E8:E69,"Done") -> 0 | D13: =IF(B13=0,0,C13/B13) -> 0
A14: Total | B14: =SUM(B4:B13) -> 62 | C14: =SUM(C4:C13) -> 0 | D14: =IF(B14=0,0,C14/B14) -> 0
